USER_NAME,FIRST_NAME,LAST_NAME,FIRST_LAST_NAME,USER_ID,USER_ADDRESS,USER_CITY,USER_STATE,USER_COUNTRY,USER_ZIP_CODE,USER_EMAIL,USER_BDAY,USER_PHONE,USER_NATIONALITY,USER_PASSPORT_NOACookNU9,Adam,Cook,Adam Cook,LUFI2OL7WI1H,"58965 Frazier LightsMelvinborough, NT V5A 2L1",Melvinborough,NT,CANADA,V5A 2L1,ACookNU9,1990-04-02,426-991-2522 x689,CANADIAN,3Q7CQ61CAWilliamsCDB,Alex,Williams,Alex Williams,CLZ2OX12Q4T1,"7534 Freeman Valleys Apt. 646Annetteburgh, SK T5J 9M5",Annetteburgh,SK,CANADA,T5J 9M5,AWilliamsCDB,1981-03-01,(744) 068-9889,CANADIAN,30505NG4AFreemanMGF,Anthony,Freeman,Anthony Freeman,MMNW81GPFWTJ,"71621 Robert Expressway Suite 947North Valerie, SC 32406",North Valerie,SC,UNITED STATES OF AMERICA,32406,AFreemanMGF@aol.com,2000-07-09,+1-763-849-8641x846,UNITED STATES OF AMERICA,660078324BTownsendD79,Bradley,Townsend,Bradley Townsend,GKY1Y5PF40B0,"165 Jones LodgeMatthewshire, MT 18140",Matthewshire,MT,UNITED STATES OF AMERICA,18140,BTownsendD79@outlook.com,1976-03-25,(233)306-1267x7747,UNITED STATES OF AMERICA,158233452BJacksonHV6,Brett,Jackson,Brett Jackson,33ZTJUL3R5OK,"508 Michelle Ports Suite 786North Lisa, OK 31620",North Lisa,OK,UNITED STATES OF AMERICA,31620,BJacksonHV6@gmail.com,1997-07-18,001-429-911-7804x717,UNITED STATES OF AMERICA,672647988ARodriguezSGM,Andrew,Rodriguez,Andrew Rodriguez,XRBVDNOB5BDB,"3548 Carolyn ViewPowellbury, ME 80738",Powellbury,ME,UNITED STATES OF AMERICA,80738,ARodriguezSGM@outlook.com,1999-11-25,001-030-260-4078x780,UNITED STATES OF AMERICA,361904734CWilliamsTXC,Carly,Williams,Carly Williams,C717NB4BJ7PU,"97643 Vincent NeckNew Marisaborough, AB A8K 3C8",Marisaborough,AB,CANADA,A8K 3C8,CWilliamsTXC,1997-04-06,596.539.3867,CANADIAN,3A117NC1CChapmanUPS,Casey,Chapman,Casey Chapman,BGJ8U6PV2NPW,"3329 Evans Cliff Apt. 084East Heather, ME 98516",East Heather,ME,UNITED STATES OF AMERICA,98516,CChapmanUPS@yahoo.com,1972-12-29,(996)995-5793x56250,UNITED STATES OF AMERICA,417571016CSandovalNFR,Catherine,Sandoval,Catherine Sandoval,JTBKMM38GPJT,"7784 Jeremiah SpursLeeborough, CT 63491",Leeborough,CT,UNITED STATES OF AMERICA,63491,CSandovalNFRhotmail.com,1993-05-13,+1-484-753-2060x81972,UNITED STATES OF AMERICA,561752384BClarkRMC,Brian,Clark,Brian Clark,03Q2KN2ZD6A5,"0983 Christopher Meadows Suite 480Goodfort, MB M8P 5B6",Goodfort,MB,CANADA,M8P 5B6,BClarkRMC,1993-07-22,(308) 738-4945,CANADIAN,11AA72A5CFrancisBRH,Chad,Francis,Chad Francis,EI6379UB7MR9,"98418 Warner Manors Suite 444East Shaneside, NE 28494",East Shaneside,NE,UNITED STATES OF AMERICA,28494,CFrancisBRH@aol.com,1983-04-01,(970)395-1487x175,UNITED STATES OF AMERICA,011887538CRobinson8IG,Corey,Robinson,Corey Robinson,4IZQ2CV9OYEI,"87497 Gonzalez Court Apt. 846Bassmouth, UT 64157",Bassmouth,UT,UNITED STATES OF AMERICA,64157,CRobinson8IG@yahoo.com,2001-08-23,2085844818,UNITED STATES OF AMERICA,384235576DRussellH1F,Daniel,Russell,Daniel Russell,DO8NIPA5R71Z,"521 Catherine Stream Suite 119Sethtown, MN 89663",Sethtown,MN,UNITED STATES OF AMERICA,89663,DRussellH1F@yahoo.com,1981-11-13,388.821.9494x6706,UNITED STATES OF AMERICA,373062872CGreenCSX,Cody,Green,Cody Green,TLTXRA0E2UQX,"076 Jack Ford Suite 712Alexanderburgh, NJ 43233",Alexanderburgh,NJ,UNITED STATES OF AMERICA,43233,CGreenCSX@yahoo.com,2000-09-24,+1-446-005-5950x4917,UNITED STATES OF AMERICA,318127290DForbes6LV,Danielle,Forbes,Danielle Forbes,K8BLLVW7VZZI,"08070 Francisco Gardens Suite 277Judyfort, UT 88733",Judyfort,UT,UNITED STATES OF AMERICA,88733,DForbes6LV@gmail.com,1995-03-21,(681)222-2355x8971,UNITED STATES OF AMERICA,136708399DJohnsonS3E,Darlene,Johnson,Darlene Johnson,G4LF7OSFQB00,"577 Robinson TrailNorth Jamesfurt, AL 47065",North Jamesfurt,AL,UNITED STATES OF AMERICA,47065,DJohnsonS3Ehotmail.com,1993-04-05,612-835-7354,UNITED STATES OF AMERICA,406028550CSampson8EL,Cynthia,Sampson,Cynthia Sampson,X44CE5W84WA4,"78957 Robert Mountain Suite 177Port Kristin, NC 81184",Port Kristin,NC,UNITED STATES OF AMERICA,81184,CSampson8ELhotmail.com,1984-02-02,001-871-020-0038,UNITED STATES OF AMERICA,579279899DBrownVHK,David,Brown,David Brown,VE0ISDP5JJ03,"3997 Mary RanchLewisbury, NY 54535",Lewisbury,NY,UNITED STATES OF AMERICA,54535,DBrownVHK@outlook.com,2000-01-03,651-901-1215,UNITED STATES OF AMERICA,435919741DNelsonUGD,David,Nelson,David Nelson,258BLTDK2CTF,"0885 Conley UnionsDawsonfort, ID 55821",Dawsonfort,ID,UNITED STATES OF AMERICA,55821,DNelsonUGDhotmail.com,1980-01-24,2182108605,UNITED STATES OF AMERICA,314695760DTranDUR,Daniel,Tran,Daniel Tran,AT4PQ5KIVX2A,"USCGC SmithFPO AE 38751",FPO,AE,UNITED STATES OF AMERICA,38751,DTranDUR@outlook.com,1998-11-18,+1-081-971-4790x712,UNITED STATES OF AMERICA,336033129DWilsonBE3,Deborah,Wilson,Deborah Wilson,DJKJTDL53C4V,"PSC 6191, Box 7489APO AP 48725",APO,AP,UNITED STATES OF AMERICA,48725,DWilsonBE3@aol.com,1996-01-16,8506925037,UNITED STATES OF AMERICA,646929670DCareyZ4C,Darren,Carey,Darren Carey,AH53CBSKPZ0G,"222 Parker Plaza Suite 985New Angela, WA 48931",New Angela,WA,UNITED STATES OF AMERICA,48931,DCareyZ4C@aol.com,1982-02-17,+1-829-045-9327x115,UNITED STATES OF AMERICA,527842509ERivera3BM,Eloy,Rivera,Eloy Rivera,C7D0FR8HSPSU,"Andador Emiratos Árabes Unidos 273 816Vieja República Popular Democrática de Corea, JAL 14974",Tlaquepaque,Jalisco,UNITED MEXICAN STATES,14974,ERivera3BM@yahoo.com,1990-12-19,397.847.2506,MEXICAN,6X073276EBrownX9E,Emily,Brown,Emily Brown,GOHXE4OTO2AN,"2006 Jenna UnionsJohnview, IL 28359",Johnview,IL,UNITED STATES OF AMERICA,28359,EBrownX9E@gmail.com,1981-04-23,901.861.9053x621,UNITED STATES OF AMERICA,215546048DVelasquez52Y,David,Velasquez,David Velasquez,XKLMY126D2EW,"08822 Phillips CircleRobertsonborough, NH 03370",Robertsonborough,NH,UNITED STATES OF AMERICA,03370,DVelasquez52Y@aol.com,2000-11-13,193.018.7536x08075,UNITED STATES OF AMERICA,611367964ELewisLBD,Ernest,Lewis,Ernest Lewis,9D8K8V72EYW2,"387 Kenneth CurveBellborough, OH 45266",Bellborough,OH,UNITED STATES OF AMERICA,45266,ELewisLBD@outlook.com,2000-06-28,+1-037-529-2221x46132,UNITED STATES OF AMERICA,709527356DSanchezZ7E,Deborah,Sanchez,Deborah Sanchez,UH4AFXSYPR38,"9988 Wendy SpursLangbury, OK 91420",Langbury,OK,UNITED STATES OF AMERICA,91420,DSanchezZ7E@gmail.com,1991-07-02,151.877.6816x216,UNITED STATES OF AMERICA,412377935DMarínC76,Dulce,Marín,Dulce Marín,RX3H0CMQ13IJ,"Circunvalación Paraguay 657 051San Dulce los bajos, GTO 92860-1759",San Dulce Los Bajos,Guanajuato,UNITED MEXICAN STATES,92860,DMarínC76@outlook.com,1978-09-09,1-738-754-4691x7060,MEXICAN,3157310XFJonesX1S,Frank,Jones,Frank Jones,2XXFJ9IX8NWS,"715 Horton VillageLucasbury, OH 46801",Lucasbury,OH,UNITED STATES OF AMERICA,46801,FJonesX1S@aol.com,1970-10-28,+1-702-270-8505x41896,UNITED STATES OF AMERICA,450154454GPeterson3FP,Gabriel,Peterson,Gabriel Peterson,V228SLCSZFC6,"79037 Figueroa ForestDavischester, RI 77093",Davischester,RI,UNITED STATES OF AMERICA,77093,GPeterson3FP@yahoo.com,1976-01-05,+1-918-629-3821x54475,UNITED STATES OF AMERICA,961061002EPorter52L,Emily,Porter,Emily Porter,IOS5YGUBE41J,"PSC 8014, Box 3239APO AE 76486",APO,AE,UNITED STATES OF AMERICA,76486,EPorter52L@gmail.com,1976-11-21,271.005.1441,BRITISH CITIZEN,NSE693E8GMeyer69G,Gregory,Meyer,Gregory Meyer,VQ3GN481FMPR,"601 Newman UnionsHartberg, DC 68349",Hartberg,DC,UNITED STATES OF AMERICA,68349,GMeyer69G@gmail.com,2000-03-24,+1-738-258-0095,UNITED STATES OF AMERICA,731792948HAlvarezCJJ,Heather,Alvarez,Heather Alvarez,5RS2763J8XXW,"867 Young Mission Apt. 758New Nichole, MA 08109",New Nichole,MA,UNITED STATES OF AMERICA,08109,HAlvarezCJJ@gmail.com,2000-06-21,(588)744-3435x06778,UNITED STATES OF AMERICA,849294708EYoderF0F,Evan,Yoder,Evan Yoder,OUUN8C8NBR4P,"3207 Sanchez Road Apt. 240Port Tammiehaven, ND 90141",Port Tammiehaven,ND,UNITED STATES OF AMERICA,90141,EYoderF0F@outlook.com,1991-04-28,350.118.0591,UNITED STATES OF AMERICA,691501059ESolanoX8O,Evelio,Solano,Evelio Solano,N056RQ6PDJY1,"Circunvalación Ucrania 818 Edif. 576 , Depto. 956Vieja Andorra, Q. ROO 06271-0304",Vieja Andorra,Quintana Roo,UNITED MEXICAN STATES,06271,ESolanoX8O@yahoo.com,1987-01-27,1-685-295-9772x642,MEXICAN,1042812EJCasey6P2,Jason,Casey,Jason Casey,J7PRB1LSYRZ6,"8407 Myers Landing Apt. 737Sophiabury, MA 23371",Sophiabury,MA,UNITED STATES OF AMERICA,23371,JCasey6P2@aol.com,1992-01-03,(639)888-2080,UNITED STATES OF AMERICA,737929716JSanchez437,Jason,Sanchez,Jason Sanchez,9XR6H9AFX0L0,"434 Evan RouteReyesview, SC 23076",Reyesview,SC,UNITED STATES OF AMERICA,23076,JSanchez437@outlook.com,1991-07-04,001-124-595-0816x65151,UNITED STATES OF AMERICA,182209367JSmith026,Jeffrey,Smith,Jeffrey Smith,8KQ1TL2KED9N,"7573 Black KnollNorth Ericton, WY 97660",Ericton,WY,UNITED STATES OF AMERICA,97660,JSmith026@gmail.com,2000-02-21,001-882-295-9973,UNITED STATES OF AMERICA,796648790GMartinezZ61,Gerald,Martinez,Gerald Martinez,LLR6ULBYBMSK,"0344 Elizabeth Inlet Apt. 374Pattersontown, IL 63543",Pattersontown,IL,UNITED STATES OF AMERICA,63543,GMartinezZ61@gmail.com,1993-03-03,172.012.2684x725,UNITED STATES OF AMERICA,428628687JGuevaraVHR,Jesús,Guevara,Jesús Guevara,V6BCO9KX3Y0W,"Pasaje Norte Arreola 034 Interior 291Nueva Indonesia, SLP 70670-2934",Nueva India,San Luis Potosí,UNITED MEXICAN STATES,70670,JGuevaraVHR@outlook.com,1973-07-19,030.152.0677,MEXICAN,XMM3LL02JCavazosPEF,Joaquín,Cavazos,Joaquín Cavazos,GBQJ33Z7045W,"Prolongación Badillo 456 Interior 484San Samuel los bajos, COL 10060",Samuel Los Bajos,Colima,UNITED MEXICAN STATES,10060,JCavazosPEF,2000-09-22,(063)139-9250x25794,MEXICAN,6E018M7LJFrostOW3,Jonathan,Frost,Jonathan Frost,5VN8FJC4L13X,"37 Amber LandingSouth Kimberly, ACT, 2946",South Kimberly,ACT,AUSTRALIA,2946,JFrostOW3,1999-09-12,+61 2 4344 7235,AUSTRALIAN,61344S160JJohnsonMHG,Jorge,Johnson,Jorge Johnson,V183P2GPKNFO,"799 Anthony RadialPort Scottshire, OK 02996",Port Scottshire,OK,UNITED STATES OF AMERICA,02996,JJohnsonMHG@gmail.com,1995-09-21,4612148130,UNITED STATES OF AMERICA,209319005HValdésZ18,Hilda,Valdés,Hilda Valdés,03KBS6Z41Q7L,"Andador Yucatán 569 798San Jaqueline de la Montaña, GRO 20891-9333",San Jaqueline de la Montaña,Guerrero,UNITED MEXICAN STATES,20891,HValdésZ18@outlook.com,1988-04-16,(053)698-1885x22267,MEXICAN,4P3M7L74JRamseyEJN,Jack,Ramsey,Jack Ramsey,OL2D1MKRAUNG,"9038 Jonathan Coves Suite 040Washingtonside, AK 71823",Washingtonside,AK,UNITED STATES OF AMERICA,71823,JRamseyEJN@outlook.com,1957-01-06,492.910.7364x8872,UNITED STATES OF AMERICA,311544890JFowlerFQ5,Janet,Fowler,Janet Fowler,W0SX8LX80HLI,"299 Joshua Lodge Suite 685Rachelhaven, HI 67165",Rachelhaven,HI,UNITED STATES OF AMERICA,67165,JFowlerFQ5hotmail.com,1993-01-23,001-836-593-1921x6305,UNITED STATES OF AMERICA,858941165JJohnsonW50,Jennifer,Johnson,Jennifer Johnson,UZKEIXEYLRBC,"Flat 43 45 Reeves CornerLake Cynthia, VIC, 0205",Lake Cynthia,VIC,AUSTRALIA,0205,JJohnsonW50,1997-03-24,9042-5272,AUSTRALIAN,337S2SS44KRivasKW4,Kelly,Rivas,Kelly Rivas,J7WZZ6VTSH25,"79775 Berry Extensions Apt. 740South Lorraineburgh, NT L5B4X2",South Lorraineburgh,NT,CANADA,L5B4X2,KRivasKW4,1995-01-07,(193) 150-8431 x166,CANADIAN,N42235C0JTorres256,Jeremy,Torres,Jeremy Torres,0Y97GBKQH3M7,"754 Kelly CornerWest Audrey, MD 60868",West Audrey,MD,UNITED STATES OF AMERICA,60868,JTorres256@outlook.com,2001-06-27,+1-416-363-3715x6878,UNITED STATES OF AMERICA,925142216KGreenXXE,Kelsey,Green,Kelsey Green,6MHBDJRXFZ35,"861 Paul TopEast Jamesmouth, NSW, 2690",Jamesmouth,NSW,AUSTRALIA,2690,KGreenXXE,2000-11-26,7949.4553,AUSTRALIAN,68338735UJJackson9ZI,Joshua,Jackson,Joshua Jackson,I0CWA2NZTA0S,"593 Ashley KnollSouth Kylefurt, SD 96621",South Kylefurt,SD,UNITED STATES OF AMERICA,96621,JJackson9ZI@gmail.com,1997-10-26,4616876564,UNITED STATES OF AMERICA,870987602LEspinalBVK,Laura,Espinal,Laura Espinal,HGIT1BN6NH9Z,"Calzada Quezada 680 Interior 505San Mauro los bajos, DF 27275",San Mauro,Ciudad de México,UNITED MEXICAN STATES,27275,LEspinalBVK,1999-01-09,1-190-127-6219x97655,MEXICAN,72716E25JOconnorEMH,Juan,Oconnor,Juan Oconnor,LZW8QUSYAT3N,"546 George ForgesKimberlyfurt, MD 24642",Kimberlyfurt,MD,UNITED STATES OF AMERICA,24642,JOconnorEMH@gmail.com,1976-03-05,278-106-2117x432,UNITED STATES OF AMERICA,908893917JForbesO96,Julie,Forbes,Julie Forbes,UI1RP1VX2XAX,"99022 Pena Alley Apt. 585Jeanneshire, MT 36093",Jeanneshire,MT,UNITED STATES OF AMERICA,36093,JForbesO96@outlook.com,2000-12-12,+1-486-455-3818,UNITED STATES OF AMERICA,593548757LGarcíaRS2,Lourdes,García,Lourdes García,4MNYA87MMHQ3,"Diagonal Colima 405 319Nueva Qatar, MEX 55926-9089",Colimita,Estado de México,UNITED MEXICAN STATES,55926,LGarcíaRS2,1998-10-08,(257)009-2443,MEXICAN,3037MP0EMLedesma3EW,María Luisa,Ledesma,María Luisa Ledesma,GL9S9LQUWIMX,"Privada Tlaxcala 979 Interior 217Vieja Perú, SON 64586",Vieja Perú,Sonora,UNITED MEXICAN STATES,64586,MLedesma3EWhotmail.com,1976-09-11,+50(5)6314229884,MEXICAN,P503841EJPalmerO53,Julie,Palmer,Julie Palmer,ZAWV2NN7BZ3G,"376 Kenneth Parkways Suite 721Lauriemouth, YT A6T 6T3",Lauriemouth,YT,CANADA,A6T 6T3,JPalmerO53,1992-09-25,+1 (945) 187-3740,CANADIAN,N26CN7N4MPittsVKL,Mary,Pitts,Mary Pitts,6RZ0ELDEU4BT,"48459 Flores Circle Apt. 186Shafferbury, CT 71384",Shafferbury,CT,UNITED STATES OF AMERICA,71384,MPittsVKL@gmail.com,1995-11-12,(762)402-2174,UNITED STATES OF AMERICA,809930776JHale4S2,Justin,Hale,Justin Hale,AKI0DDW77JJF,"403 Brown Expressway Suite 885East Michelleview, SC 09961",East Michelleview,SC,UNITED STATES OF AMERICA,09961,JHale4S2hotmail.com,1994-10-17,(890)513-2506,UNITED STATES OF AMERICA,434096557KClarkY7H,Kelsey,Clark,Kelsey Clark,NOLGF0C38BEA,"6040 Marsh Meadow Apt. 011Danielport, PA 51952",Danielport,PA,UNITED STATES OF AMERICA,51952,KClarkY7H@aol.com,1997-05-25,001-659-011-0273x31345,UNITED STATES OF AMERICA,447826599MIbarra9X1,Melissa,Ibarra,Melissa Ibarra,3UXVY4NV24UV,"06056 Freeman Ramp Suite 254New Victoria, ME 44771",New Victoria,ME,UNITED STATES OF AMERICA,44771,MIbarra9X1hotmail.com,1980-06-27,(723)057-2285x6985,UNITED STATES OF AMERICA,545300826MTaylor1P0,Michael,Taylor,Michael Taylor,4ADB309AZPCT,"98985 Albert Shoals Suite 615Port Justinburgh, AK 11437",Port Justinburgh,AK,UNITED STATES OF AMERICA,11437,MTaylor1P0hotmail.com,1974-04-01,741-081-6931x0131,UNITED STATES OF AMERICA,618104685NSotoYNA,Nicole,Soto,Nicole Soto,716K8S04F6MF,"2116 Whitaker FieldsMorrisshire, IA 31068",Morrisshire,IA,UNITED STATES OF AMERICA,31068,NSotoYNA@outlook.com,2001-01-10,483.156.3644,UNITED STATES OF AMERICA,816098090PZavalaGP0,Pamela,Zavala,Pamela Zavala,5C82LCB1Z1OG,"138 Carolyn Wells Suite 377East Karenmouth, YT B1H 8S9",East Karenmouth,YT,CANADA,B1H 8S9,PZavalaGP0,1983-02-24,1 (640) 130-7661,CANADIAN,4Q46667NKDanielID4,Kristin,Daniel,Kristin Daniel,0I9V9ZF1ZMTJ,"PSC 8279, Box 9491APO AP 80358",APO,AP,UNITED STATES OF AMERICA,80358,KDanielID4@aol.com,1986-05-04,+1-465-618-2553x93428,UNITED STATES OF AMERICA,396067978PConner1ET,Patrick,Conner,Patrick Conner,BFBFXKK0XTID,"743 Hood AvenueMarkport, HI 53492",Markport,HI,UNITED STATES OF AMERICA,53492,PConner1ET@yahoo.com,1971-06-25,(361)929-4630,UNITED STATES OF AMERICA,952486381RJohnsonBY2,Rachel,Johnson,Rachel Johnson,1NOXFGCVS6F4,"Flat 91 8 Anderson PartWest Jonathan, VIC, 0231",West Jonathan,VIC,AUSTRALIA,0231,RJohnsonBY2,2000-02-28,(07).0195.6490,AUSTRALIAN,308U46P4ULFrancisQT4,Lawrence,Francis,Lawrence Francis,L4EAZLYUSYUW,"1721 Hardin Park Apt. 022East Katrina, WI 47857",East Katrina,WI,UNITED STATES OF AMERICA,47857,LFrancisQT4hotmail.com,1950-01-01,(279)586-8446x68753,UNITED STATES OF AMERICA,201594541LMosesICV,Lisa,Moses,Lisa Moses,05K832PEZ55V,"98 Rojas PortVictorialand, VIC, 2956",Victorialand,VIC,AUSTRALIA,2956,LMosesICV,1987-03-24,3918-3935,AUSTRALIAN,34155A212RGarcia475,Robert,Garcia,Robert Garcia,376LK8R8HDZN,"5234 Cordova Turnpike Suite 554Denisemouth, MN 72962",Denisemouth,MN,UNITED STATES OF AMERICA,72962,RGarcia475@yahoo.com,2000-03-13,001-698-718-7140x986,UNITED STATES OF AMERICA,271915295RMitchellPYQ,Robert,Mitchell,Robert Mitchell,2R2DVBCXCYEY,"56 Clark TurnLake Jasminmouth, NT, 2384",Jasminmouth,NT,AUSTRALIA,2384,RMitchellPYQ,1996-05-17,(03).7164.4564,AUSTRALIAN,8266A01S5LZavalaODO,Louis,Zavala,Louis Zavala,ZG0X5HCQIAX4,"PSC 0994, Box 1735APO AP 12002",APO,AP,UNITED STATES OF AMERICA,12002,LZavalaODO@gmail.com,1995-10-03,001-197-301-1429,UNITED STATES OF AMERICA,862699300MHuntZJT,Marie,Hunt,Marie Hunt,0FTY3RVLE7K9,"049 Cortez GladeSantiagobury, QLD, 2497",Santiagobury,QLD,AUSTRALIA,2497,MHuntZJT,1978-02-26,07 5162 8583,AUSTRALIAN,420P2P224MSloan3OI,Mary,Sloan,Mary Sloan,RTD8UCURS5FJ,"018 Burns PlazaNorth Kyle, AL 43337",North Kyle,AL,UNITED STATES OF AMERICA,43337,MSloan3OIhotmail.com,1987-03-20,039-292-4689x1942,UNITED STATES OF AMERICA,936189902MMooreXFD,Megan,Moore,Megan Moore,I6K4XQX107MG,"195 Jackson StreamLouishaven, VT 13592",Louishaven,VT,UNITED STATES OF AMERICA,13592,MMooreXFD@aol.com,2000-03-04,618-208-5147x904,UNITED STATES OF AMERICA,945239196SBrown2VE,Stephanie,Brown,Stephanie Brown,CX8QZINTM7KU,"75648 Green Shore Apt. 221Lake Robertton, TX 64628",Lake Robertton,TX,UNITED STATES OF AMERICA,64628,SBrown2VE@gmail.com,1995-05-09,+1-969-412-8440x227,UNITED STATES OF AMERICA,291146610SLewisQJF,Stephen,Lewis,Stephen Lewis,V7H1CT77K0HK,"7309 Justin Orchard Suite 061Toddville, TN 07454",Toddville,TN,UNITED STATES OF AMERICA,07454,SLewisQJF@outlook.com,2001-07-31,(899)464-5227x93423,UNITED STATES OF AMERICA,723692135MLam6RL,Meghan,Lam,Meghan Lam,Y9S6XKCBFRGQ,"7599 Cooper Landing Suite 870West Randy, RI 66854",West Randy,RI,UNITED STATES OF AMERICA,66854,MLam6RL@aol.com,1987-06-27,1655504020,UNITED STATES OF AMERICA,007354212PAllisonYBN,Patrick,Allison,Patrick Allison,SCOLBWFL7B7M,"3326 Amanda CentersDarrellhaven, TN 46648",Darrellhaven,TN,UNITED STATES OF AMERICA,46648,PAllisonYBN@aol.com,1990-05-14,001-587-203-2428x790,UNITED STATES OF AMERICA,748497893HWatsonWQN,Holly,Watson,Holly Watson,UIC8KSTSMA15,"571 Brown TrackPort Sandra, VA 77669",Port Sandra,VA,UNITED STATES OF AMERICA,77669,HWatsonWQN@gmail.com,2000-12-29,(051)499-8280,UNITED STATES OF AMERICA,565495564RMclaughlinZKZ,Rebecca,Mclaughlin,Rebecca Mclaughlin,QCY3A13UYHYK,"845 Cohen StreamIanville, SC 73399",Ianville,SC,UNITED STATES OF AMERICA,73399,RMclaughlinZKZhotmail.com,2000-09-25,+1-750-882-2387x49955,UNITED STATES OF AMERICA,363628332RUnderwood0ED,Richard,Underwood,Richard Underwood,RO2CLDKQXYWU,"30 Laura CornerNew Brianmouth, SA, 2902",New Brianmouth,SA,AUSTRALIA,2902,RUnderwood0ED,1999-01-01,(02)94941012,AUSTRALIAN,8AS76175SROlson7XY,Robert,Olson,Robert Olson,ZLQF3H8JZ2YM,"78219 Fox LoafCathymouth, LA 06992",Cathymouth,LA,UNITED STATES OF AMERICA,06992,ROlson7XY@outlook.com,1970-06-03,(958)972-9242x4059,UNITED STATES OF AMERICA,878423500RStephens4CZ,Robin,Stephens,Robin Stephens,MR1VHUSXVUQV,"0806 Murphy Pine Suite 200Huntside, MI 17518",Huntside,MI,UNITED STATES OF AMERICA,17518,RStephens4CZ@aol.com,2000-09-03,+1-046-565-3489x9578,UNITED STATES OF AMERICA,745346513TMendoza9LP,Tracy,Mendoza,Tracy Mendoza,DYTBTXJ65W0B,"47358 Susan Stravenue Apt. 787North Rogerland, WI 49430",North Rogerland,WI,UNITED STATES OF AMERICA,49430,TMendoza9LP@gmail.com,1989-10-06,+1-728-588-6728x8873,UNITED STATES OF AMERICA,330766483RWellsO81,Robin,Wells,Robin Wells,YDW3RPPC7I2F,"USS ColemanFPO AE 57602",FPO,AE,UNITED STATES OF AMERICA,57602,RWellsO81hotmail.com,1976-10-03,(407)841-2377,UNITED STATES OF AMERICA,839132282WRodgers9Z3,Wanda,Rodgers,Wanda Rodgers,V1D5VH6KEXGY,"240 Jacqueline MountVelasquezchester, MT 16267",Velasquezchester,MT,UNITED STATES OF AMERICA,16267,WRodgers9Z3hotmail.com,1997-10-23,984.420.8259x978,UNITED STATES OF AMERICA,840108206RWilsonIZP,Ronald,Wilson,Ronald Wilson,LFWR8IGZEBG5,"Unit 2951 Box 0182DPO AE 06065",DPO,AE,UNITED STATES OF AMERICA,06065,RWilsonIZP@outlook.com,1989-02-06,001-214-439-8315,UNITED STATES OF AMERICA,300010404SBaileyOGD,Scott,Bailey,Scott Bailey,YQV67R7FIPP3,"01 Pamela GardenNew Bethfurt, QLD, 2687",New Bethfurt,QLD,AUSTRALIA,2687,SBaileyOGD,1990-11-02,+61 2 7366 4789,AUSTRALIAN,0463U3U46SVillalpandoE05,Sessa,Villalpando,Sessa Villalpando,QZHEUO7YRS8H,"Calzada Sur Orozco 625 277San Marco Antonio de la Montaña, GTO 07955",San Marco Antonio,Guanajuato,UNITED MEXICAN STATES,07955,SVillalpandoE05hotmail.com,1976-01-21,656-285-1205x715,MEXICAN,M4XM4L26SWilliamsCE8,Sharon,Williams,Sharon Williams,W8Y0OVYSS54W,"020 Young Summit Suite 376Sydneyport, CT 88431",Sydneyport,CT,UNITED STATES OF AMERICA,88431,SWilliamsCE8@yahoo.com,1991-07-05,0029416545,UNITED STATES OF AMERICA,571956876SBrennanJB8,Sheila,Brennan,Sheila Brennan,E5WTMYDGW51P,"59615 Jackson Forks Suite 402East Ronnieton, WA 02321",Ronnieton,WA,UNITED STATES OF AMERICA,02321,SBrennanJB8@aol.com,1990-10-07,6946456685,UNITED STATES OF AMERICA,696665179SDavisQ62,Steven,Davis,Steven Davis,O633BCU0OATT,"2447 Lisa ShoalPort Billyburgh, GA 91753",Billyburgh,GA,UNITED STATES OF AMERICA,91753,SDavisQ62@gmail.com,1974-07-01,492-708-9188,UNITED STATES OF AMERICA,110910660TPenningtonW02,Tiffany,Pennington,Tiffany Pennington,NCDS3LS60V4K,"6455 Robinson Canyon Apt. 038South Thomas, SD 18833",South Thomas,SD,UNITED STATES OF AMERICA,18833,TPenningtonW02hotmail.com,1983-01-19,173-750-7352,UNITED STATES OF AMERICA,137718206TAdams1K9,Timothy,Adams,Timothy Adams,SZK6LIW4SJR8,"658 Adam Locks Apt. 102North Brandonborough, MS 34507",North Brandonborough,MS,UNITED STATES OF AMERICA,34507,TAdams1K9@aol.com,1993-12-05,(957)882-2546x431,UNITED STATES OF AMERICA,851573123TSmithERQ,Tina,Smith,Tina Smith,EG8C7YAEXL4N,"2508 Kelly Islands Suite 779North Stephanie, CO 39028",North Stephanie,CO,UNITED STATES OF AMERICA,39028,TSmithERQ@yahoo.com,1986-06-23,(623)895-2134x584,UNITED STATES OF AMERICA,592452642TAndersonXNJ,Todd,Anderson,Todd Anderson,APZCN38B7SGQ,"PSC 0746, Box 9786APO AE 32875",APO,AE,UNITED STATES OF AMERICA,32875,TAndersonXNJ@yahoo.com,1981-12-03,001-920-320-2574,UNITED STATES OF AMERICA,678376115WHahnAZ2,Walter,Hahn,Walter Hahn,OIIP0P2T10T2,"53538 Rosales Station Suite 208Port Michelle, MO 86363",Port Michelle,MO,UNITED STATES OF AMERICA,86363,WHahnAZ2@outlook.com,2000-10-22,(314)057-5706,UNITED STATES OF AMERICA,869973391WStewart7ZG,Willie,Stewart,Willie Stewart,P2TXR62V9PV5,"05 Jean PassNorth Kimton, QLD, 7592",North Kimton,QLD,AUSTRALIA,7592,WStewart7ZG,1979-06-07,+61 469 089 325,AUSTRALIAN,456SA5U37